{"cameraMode":{"drawMode":0,"name":"Shaded","section":"Shading Mode"},"sceneLighting":true,"audioPlay":false,"sceneViewState":{"m_AlwaysRefresh":false,"showFog":true,"showSkybox":true,"showFlares":true,"showImageEffects":true,"showParticleSystems":true,"showVisualEffectGraphs":true,"m_FxEnabled":true},"in2DMode":false,"pivot":{"x":0.30097007751464846,"y":-1.0696783065795899,"z":0.4478912353515625},"rotation":{"x":-0.27862489223480227,"y":0.32089969515800478,"z":-0.099374920129776,"w":-0.8997324109077454},"size":9.245233535766602,"orthographic":false}