{"cameraMode":{"drawMode":0,"name":"Shaded","section":"Shading Mode"},"sceneLighting":true,"audioPlay":false,"sceneViewState":{"m_AlwaysRefresh":false,"showFog":true,"showSkybox":true,"showFlares":true,"showImageEffects":true,"showParticleSystems":true,"showVisualEffectGraphs":true,"m_FxEnabled":true},"in2DMode":false,"pivot":{"x":-0.2071666717529297,"y":1.1672779321670533,"z":0.02702122926712036},"rotation":{"x":-0.14855290949344636,"y":0.3320167660713196,"z":-0.053035106509923938,"w":-0.9299885630607605},"size":2.3236608505249025,"orthographic":true}