{"cameraMode":{"drawMode":0,"name":"Shaded","section":"Shading Mode"},"sceneLighting":true,"audioPlay":false,"sceneViewState":{"m_AlwaysRefresh":false,"showFog":true,"showSkybox":true,"showFlares":true,"showImageEffects":true,"showParticleSystems":true,"showVisualEffectGraphs":true,"m_FxEnabled":true},"in2DMode":false,"pivot":{"x":3.8591818809509279,"y":2.4464778900146486,"z":13.710352897644043},"rotation":{"x":-0.3344622552394867,"y":0.16753451526165009,"z":-0.060549668967723849,"w":-0.9254189133644104},"size":29.897016525268556,"orthographic":false}