{"cameraMode":{"drawMode":0,"name":"Shaded","section":"Shading Mode"},"sceneLighting":true,"audioPlay":false,"sceneViewState":{"m_AlwaysRefresh":false,"showFog":true,"showSkybox":true,"showFlares":true,"showImageEffects":true,"showParticleSystems":true,"showVisualEffectGraphs":true,"m_FxEnabled":true},"in2DMode":false,"pivot":{"x":626.0989379882813,"y":254.57464599609376,"z":59.1292724609375},"rotation":{"x":-0.08420301228761673,"y":0.012551936320960522,"z":-0.0010607604635879398,"w":-0.996369481086731},"size":419.0226745605469,"orthographic":false}